期数,编号,关联,内容,国家,省份,市县,标签,其他
1,1,,银川市民办中学修改录取规则,中国,宁夏,,,
1,2,,河南某镇村医集体辞职,中国,河南,,,
1,3,,杰尼斯事务所喜多川去世,日本,,,,
1,4,,加拿大大麻滞销,加拿大,,,,
2,1,,伊春市缩减县级编制,中国,黑龙江,,,
2,2,,标普评级进入大陆,中国,,,,
2,3,,俄罗斯特种部队成员联合抢劫,俄罗斯,,,,
2,4,,盱眙宣传干部投稿作品的摆拍问题,,,,,
3,1,,伊春市缩减县级编制,中国,山东,,,
3,2,,国民党为防韩国瑜修改党章,中国,台湾,,,
3,3,,烟草管理与禁烟,中国,,,,
3,4,,周杰伦与文化市场的演变,中国,台湾,,,
4,1,,港珠澳大桥被质疑,中国,广东 香港 澳门,,,
4,2,,,,,,,
4,3,,伦敦地铁2020年将全面覆盖4G,英国,,,,
4,4,,尤文图斯球迷协会搜出导弹,意大利,,,,
5,1,,阳泉学习安庆模式,中国,山西 安徽,,,
5,2,,蔡英文随员走私香烟,中国,台湾,,,
5,3,,中国想当宇航员的孩子超过英美,中国 美国 英国,,,,
5,4,,台湾洪门发表声明,中国,台湾,,,
5,5,,回应上期美国电信产业问题,美国,,,,
5,6,,马伯庸来访（泥瓦匠韦恩出镜）,,,,,
6,1,,北斗产业园区变相炒房,中国,,,,
6,2,,薛蛮子的柬埔寨炒房团,中国 柬埔寨,,,,
6,3,,潍坊国企高管获千万奖金,中国,山东,,,
6,4,,隆胸假体致癌,,,,,
7,1,,高铁禁吃泡面,中国,,,,
7,2,,台湾奶茶产业,中国,台湾,,,
7,3,,安哥拉和两洋铁路,安哥拉,,,,
7,4,,山东矿山刷涂料应对环保检查,中国,山东,,,
8,1,,河南井盖被哄抢西瓜被盗,中国,河南,,,
8,2,,财经专业分数线大幅度下降,中国,,,,
8,3,,中国PX产业发展迅速,中国,,,,
8,4,,中国高中生81%近视,中国,,,,
8,5,,标普与大公评级差异巨大,中国,,,,
8,6,,薛蛮子的柬埔寨房地产后续,中国 柬埔寨,,,,
9,1,,独山县400亿地方债（万恶之源）,中国,贵州,,,
9,2,,落后地区大学出逃,中国,,,,
9,3,,大陆人员暂停参加金马奖,中国,台湾,,,
9,4,,巴西机场黄金被劫,巴西,,,,
10,1,,丹参类药物安全性,中国,,,,
10,2,,北大补录两被退档考生,中国,,,,
10,3,,意大利修建高铁内部受阻,意大利,,,,
10,4,,《上海堡垒》影评,中国,,,,
11,1,,向步长药业“道歉”,中国,,,,
11,2,,双汇人造肉,美国,,,,
11,3,,厦大篮球队举报教练,中国,福建,,,
11,4,,华裔总统竞选人杨安泽,美国,,,,
11,5,,BAT时代的终结,中国,,,,
12,1,,沈阳立交桥积水事故,中国,辽宁,,,
12,2,,孟加拉火灾,孟加拉,,,,
12,3,,五菱宏光销量暴跌,中国,,,,
12,4,,寿光锁匠收取消防队费用,中国,山东,,,
12,5,,印度全人工版“人工智能”,印度,,,,
13,1,,李宁院士贪污案,中国,吉林,,,
13,2,,罗布泊的钾盐,中国,新疆,,,
13,3,,日本恢复对三星光刻胶供应,日本 韩国,,,,
13,4,,全国彩票购买分布情况,中国,,,,
13,5,,蛋卷征婚,,,,,
13,1,,淮海战役,中国,,,,穆好古
13,2,,左手王插画,,,,,
13,3,,磁悬浮,,,,,孙宏宇
13,4,,柬埔寨停止发放赌博牌照,柬埔寨,,,,韦恩
13,5,,意大利五星运动党总理下台,意大利,,,,
13,6,,东阿阿胶半年报出台利润暴跌,中国,山东,,,
13,7,,蛋卷再征婚,,,,,
14,1,,宝鸡市禁止复读逼读中专,中国,陕西,,,
14,2,,青鹿中医丹参问题,中国,,,,高流
14,3,,巴西亚马逊雨林大火,巴西,,,,
14,4,,炒鞋产业火热,中国,,,,
15,1,,云南在线教育直播班,中国,云南,,,
15,2,,脑机接口打字,,,,,
15,3,,四川特高压电线输送江西,中国,四川 江西,,,
15,4,,英国脱欧：女王同意议会休会,英国,,,,
15,5,,意大利五星运动党又活了,意大利,,,,
15,6,,检查日报质疑宝鸡教育局操作,中国,陕西,,,
15,7,,农村儿童近视问题,中国,,,,
15,8,,彩票后续,中国,,,,
16,1,,浙江龙岗镇改县级市,中国,浙江,,,
16,2,,未婚妈妈领不到生育保险,中国,上海,,,
16,3,,法国地方政府应性别比例被罚款,法国,,,,
16,4,,空间站的第一次犯罪和通信问题,美国,,,,
16,5,,五省科研经费下降,中国,,,,
16,6,,社会化抚养概念初现,,,,,
17,1,,211高校合肥工业大学考研占座,中国,,,,
17,2,,年金保险利率下调,中国,,,,
17,3,,上海港利润来源,中国,上海,,,
17,4,,提高教师绩效工资,中国,,,,
17,5,,蔡徐坤与华语音乐榜单,中国,,,,
18,1,,日本与台湾“交换”捕鱼配额,日本 中国,台湾,,,
18,2,,贵州隐性债务,中国,贵州,,独山县,
18,3,,中药加入食品的违法风险,中国,,,,
18,4,,美国高中巨资建防弹教学楼,美国,,,,
18,5,,单身税后续,,,,,
19,1,,武汉晴川学院天价热水费,中国,湖北,,,
19,2,,理工科留学生超过商科,中国,,,,
19,3,,美国AI在考试中获得惊人成绩,美国,,,,
19,4,,日本安倍加税,日本,,,,
19,1,,河南青台遗址北斗星图,中国,河南,,,
19,2,,东庄水利枢纽与泾渭分明,中国,陕西,,,
19,3,,新疆阿尔塔什水利枢纽,中国,新疆,,,
19,4,,广西大藤峡水利枢纽,中国,广西,,,
20,1,,无人机攻击沙特,沙特,,,,
20,2,,广东修改拆迁条件,中国,广东,,,
20,3,,小泉儿子进入日本安倍内阁,日本,,,,
20,4,,法国数学家竞选巴黎市长,法国,,,,
21,1,,成都一小学开设男女专属课程,中国,四川,,,
21,2,,乐高告赢乐拼,中国 丹麦,,,,
21,3,,美国教会强征流浪汉劳动,美国,,,,
22,1,,广州花都村民“一元钱看病”,中国,广东,,,
22,2,,中国开国大典彩色镜头与胶卷历史,中国,,,,
22,3,,蒙古轮船在浙江沿岸触礁,中国 蒙古,浙江,,,
22,4,,回应水利工程对环境影响,中国,,,,
22,5,,男性涂防晒霜的权利,,,,,
22,6,,静静立绘上线,,,,,
23,1,,埃塞和埃及的尼罗河大坝之争,埃塞俄比亚 埃及,,,,
23,2,,《现代汉语词典》收费版APP,中国,,,,
23,3,,中国基因编辑治疗白血病艾滋病,中国,,,,
23,4,,中国学生体质普遍变弱,中国,,,,
24,1,,国庆特别节目,中国,,,,
25,1,,花都后续,中国,广东,,,
25,2,,男女择偶条件,,,,,
25,3,,国外的大工程,,,,,
25,4,,北斗与中国天文学,中国,,,,
25,5,,当代中国“最传统”,中国,,,,
26,1,,多位院士去世,中国,,,,
26,2,,回农村种地,中国,,,,
26,3,,国旗处理问题,中国,,,,
26,4,,浩吉重载铁路开通,中国,,,,
26,5,,韩国要在中东建核电站,韩国,,,,
27,1,,抽水蓄能电站,,,,,
27,2,,香港被评为自由度最高地区,中国,香港,,,
27,3,,西班牙给佛朗哥迁坟,西班牙,,,,
27,4,,周杰伦与付费音乐市场,中国,台湾,,,
27,5,,“一亩三分地”起源,,,,,
28,1,,无锡立交桥事故（母校行）,中国,江苏,,,
29,1,,徐州要成淮海中心,中国,江苏,,,
29,2,,赤道几内亚腐败总统,赤道几内亚,,,,
29,3,,新片头与辉光管时钟上线,,,,,
30,1,,中国气候变化与俄罗斯态度转变,中国 俄罗斯,,,,
30,2,,率土之滨,,,,,广告
30,3,,GRE的AI阅卷,美国,,,,
30,4,,沙特三个机械旅被胡塞武装歼灭,沙特,,,,
30,5,,独山县委书记被正式起诉,中国,贵州,,,
30,6,,贸易战后续,中国 美国,,,,
30,7,,一周三更开始,,,,,
31,1,,非全日制研究生,中国,,,,
31,2,,吉林村民坐气球打松子,中国,吉林,,,
31,3,,加拿大五台山,加拿大,,,,
31,4,,开播百日,,,,,
32,1,,四川省政府搬家,中国,四川,,,
32,2,,贵州米粉店涨价,中国,贵州,,,
32,3,,农民与缓冲垫,中国,,,,
32,4,,王选院士成就,中国,,,,
32,5,,片尾上线,,,,,
33,1,,智利暴发骚乱与其和香港的比较,智利,,,,
33,2,,郭敬明名誉权案,中国,,,,
33,3,,米粉涨价后续,中国,贵州,,,
33,4,,薛蛮子同学失联,中国,,,,
34,1,,大连14岁少年杀人案（社会化抚养）,中国,山东,,,
34,2,,德国高速公路不限速,德国,,,,
34,3,,日本军官登上“戚继光号”,中国 日本,,,,
35,1,,骗保与过度医疗,中国,,,,
35,2,,《我和我的祖国》影评,中国,,,,
36,1,,医院的统方数据与医药代表,中国,浙江,,,
36,2,,加州大火为何不灭,美国,,,,
36,3,,山东潍坊的计算机厂,中国,山东,,,
36,4,,米粉后续（贵州猪肉定价）,中国,广西 贵州,,,
36,5,,中药（莲子芯）加入食物违法,中国,,,,
36,6,,阿里拍卖贵州独山县国有资产,中国,贵州,,,
37,1,,多家企业投标保证金被安徽安庆没收,中国,安徽,,,
37,2,,新西兰抵制中国瓶装水公司,新西兰 中国,,,,韦恩
37,3,,韩国汉城不再有狗肉供应,韩国,,,,
38,1,,厦门取消限价拍卖土地,中国,福建,,,
38,2,,北京周围夜晚卫星图,中国,北京,,,
38,3,,马斯克“星链”计划,美国,,,,
38,4,,南朝鲜与伪总统,韩国,,,,
39,1,,豫章书院与社会化抚养,中国,江西,,,
39,2,,俄罗斯的非洲战略,俄罗斯,,,,
40,1,,阿尔兹海默症新药“九期一”,中国,,,,
40,2,,四川乡镇合并,中国,四川,,,
40,3,,巴西马瑙斯市犯罪问题,巴西,,,,
40,4,,双十一读《共产党宣言》,,,,,
41,1,,河南伊川农商行陷挤兑危机（鞭尸独山县）,中国,河南,,,
41,2,,“川军”战斗力问题,中国,四川,,,
41,3,,马斯克星链计划第二次发射成功,美国,,,,
42,1,,学生减负问题,中国,,,,
42,2,,中公教育的公考问题,中国,,,,
43,1,,脑电波监控头环,中国,,,,
43,2,,特朗普的福音派女牧师,美国,,,,
43,3,,韩国在任最长的总理,韩国,,,,
44,1,,《死亡搁浅》的“中国基建”,中国,,,,
44,2,,日本多列新干线泡水报废,日本,,,,
44,3,,美国铁路历史,美国,,,,
45,1,,香港与新加坡的比较,中国 新加坡,香港,,,
45,2,,阿兹海默症新药“九期一”后续,中国,,,,
45,3,,李宁院士现状,中国,吉林,,,
45,4,,天文学家抗议马斯克星链计划,美国,,,,
45,5,,马云双十一发言,中国,,,,
45,6,,静静新立绘,,,,,
45,7,,蛋卷静静彩蛋,,,,,
46,1,,残破辉光管时钟上线,,,,,
46,2,,FBI500万美元悬赏毛宇纯,中国 美国,,,,
46,3,,8所中医院被除名《世界医学院名录》,中国,,,,
46,4,,德国建筑垃圾破碎机,德国,,,,
47,1,,IS在中国邻国流窜,塔吉克斯坦 乌兹别克斯坦,,,,孙宏宇
47,2,,中国煤矿事故问题,中国,,,,
47,3,,“九期一”后续,中国,,,,
47,4,,未成年犯罪与社会化抚养,中国,,,,
47,5,,辉光管部分修复,,,,,
48,1,,威尼斯洪水与防洪工程（鞭尸贵州与独山）,意大利,,,,
48,2,,香港的“义勇军”历史,中国,香港,,,
48,3,,北大“屠夫”陆步轩,中国,,,,
48,4,,饶毅实名举报“九期一”等学术问题,中国,,,,
48,5,,辉光管下线,,,,,
49,1,,蛋卷生病,,,,,
49,2,,印度雾霾爆表,印度,,,,
49,3,,伊朗油价上涨发生暴动,伊朗,,,,
49,4,,麻辣烫征服韩国市场,中国 韩国,,,,
49,5,,观视频答案年终秀预告,,,,,
50,1,,加拿大大麻后续与中国烟草,加拿大 中国,,,,
50,2,,华为“251”事件,中国,,,,
50,3,,50期回顾,,,,,
50,4,,观视频答案年终秀预告,,,,,
51,1,,东北鸡西传媒集团拖欠工资,中国,黑龙江,,,
51,2,,阿根廷男罪犯进女监狱服刑,阿根廷,,,,
51,3,,推荐《东方学刊》与《临高启明》,,,,,
51,4,,观视频答案年终秀预告,,,,,
51,5,,蛋卷上桌失败,,,,,
52,1,,中国为巴基斯坦修公路,中国 巴基斯坦,,,,
52,2,,韩国向日本妥协《军事情报协定》,韩国 日本,,,,
52,3,,印度第一艘国产航母又要完工了,印度,,,,
52,4,,河南村医后续，云南重演,中国,河南 云南,,,
52,5,,呼和浩特地方债（鞭尸贵州独山）,中国,内蒙古 贵州,,,
52,6,,云南奴工,中国,云南,,,
52,7,,鸡西后续：是否应该移民,中国,黑龙江,,,
52,8,,华为251后续,中国,,,,
53,1,,李子柒与文化输出,中国,,,,
53,2,,印度洋葱风波,印度,,,,
53,3,,印度与RCEP,印度,,,,
54,1,,河北清洁煤与一氧化碳中毒,中国,河北,,,
54,2,,美国移民局钓鱼执法,美国,,,,
54,3,,韩国总理下台,韩国,,,,
54,4,,独山县毋敛古风景区,中国,贵州,,,
55,1,,台湾网军逼死驻日官员,中国 日本,台湾,,,
55,2,,春蕾计划与慈善问题,中国,,,,
55,3,,安徽人身损害城乡赔偿统一试点,中国,安徽,,,
55,4,,《求是》登载国家主席发言,中国,,,,
55,5,,中国劳动力平均年龄,中国,,,,
56,1,,地方债信息发布,中国,,,独山县,
56,2,,土耳其利比亚偷偷瓜分地中海,土耳其 利比亚,,,,
56,3,,澳门赌博业,中国,澳门,,,
56,4,,尼日尔布基纳法索后续,尼日尔 布基纳法索,,,,
56,5,,【年终盘点】内容征集,,,,,
57,1,,英国印钞厂或将破产,英国,,,,
57,2,,印度骚乱安倍暂缓访问,印度 日本,,,,
57,3,,四川古法炼铁实验,中国,四川,,,
57,4,,农田托管所,中国,黑龙江,,,
57,5,,鸿茅药酒获奖,中国,内蒙古,,,
57,6,,督公就态度问题向静静道歉,,,,,
57,7,,静静回应观众对其容貌想象,,,,,
58,1,,离婚设置冷静期,中国,,,,
58,2,,法国养老金问题,法国,,,,
58,3,,敦格铁路,中国,甘肃 青海,,,
58,4,,鸿茅药酒奖项被收回,中国,内蒙古,,,
58,5,,布基纳法索安全局势,布基纳法索,,,,
58,6,,贵州茅台划分股权,中国,贵州,,独山县,
58,7,,国民党悬赏杨蕙如,中国,台湾,,,
58,8,,蛋卷生日穿新衣静静感叹,,,,,
59,1,,年终盘点：国外,,,,,
59,2,,睡前消息表彰大会,,,,,
60,1,,年终盘点：国内,,,,,
60,2,,鞭尸贵州独山,,,,,
61,1,,年终盘点：段子新闻,,,,,
61,2,,教育与科技,,,,,
62,1,,李宁院士后续,中国,吉林,,,
62,2,,温州成立破产法庭,中国,浙江,,,
62,3,,中国获卢旺达矿产勘探授权,中国 卢旺达,,,,
62,4,,柬埔寨将全面禁止网络赌博,柬埔寨,,,,
63,1,,台湾自主研发火箭,中国,台湾,,,
63,2,,日本官员受中国彩票公司贿赂,日本 中国,,,,
63,3,,生育率低的因素,,,,,
63,4,,蛋卷彩蛋,,,,,
64,1,,河南高职教育教师要求修改,中国,河南,,,
64,2,,印度与台湾的总参谋长,印度 中国,台湾,,,
64,3,,澳大利亚森林大火,澳大利亚,,,,
65,1,,庆祝穆好古同学预测台湾选举成功,中国,台湾,,,
65,2,,美无人机暗杀伊朗军方高官,美国 伊朗,,,,
65,3,,美国联合卫理公会分裂,美国,,,,
65,4,,南京研究生自杀,中国,江苏,,,
66,1,,江西平均年龄79岁恶势力团伙,中国,江西,,,
66,2,,基因兴奋剂,,,,,
66,3,,春蕾计划后续,中国,,,,
66,4,,农村基层水利设施,中国,,,,
66,5,,珠江水系内河货运量国内第二,中国,广东,,,
66,6,,静静蛋卷彩蛋,,,,,
67,1,,河南村庄被三大运营商集体拉黑,中国,河南,,,
67,2,,去年社保基金收益率大幅提高,中国,,,,
67,3,,贵州铜仁30万贫困人群完成搬迁,中国,贵州,,,
67,4,,卢旺达留学生来中国学习,卢旺达,,,,
67,5,,驾驶无人机的工作,英国,,,,
67,6,,土耳其派兵利比亚,土耳其 利比亚,,,,
67,7,,静静嘴瓢,,,,,
68,1,,同盾大数据公司与套路贷,中国,,,,
68,2,,中国在迪拜建光热电站工程,中国 阿联酋,,,,
68,3,,二甲双胍可以减肥,,,,,
68,4,,中福在线赌博问题,中国,,,,
68,5,,女子开车进故宫事件,中国,北京,,,
69,1,,中央介入烟台恒丰银行重组,中国,山东,,,
69,2,,魔兽世界,,,,,广告
69,3,,国民党发展历程与分析,中国,,,,
70,1,,工作室工作方式,,,,,
70,2,,德国文化影响,中国 德国,,,,
70,3,,回应澳大利亚大火问题,澳大利亚,,,,
70,4,,房产税问题,,,,,
70,5,,马斯克近况,美国,,,,
70,6,,吴花燕事件与慈善行业,中国,,,,
70,7,,督公隔空谈武汉疫情,中国,湖北,,,
70,8,,督公与其儿子谈弹幕,,,,,
71,1,,抗击疫情不能反应过度,中国,,,,
71,2,,中国家用电器发展,中国,,,,
71,3,,耐克新跑鞋强化长跑运动员,,,,,
72,1,,继续追踪武汉疫情相关情况,中国,湖北,,,
72,2,,口罩涨价红十字会辟谣工作,中国,湖北,,,
72,3,,英国脱欧进程,英国,,,,
72,4,,静静谈温州情况,中国,浙江,,,
73,1,,继续跟踪武汉疫情相关新闻,中国,湖北,,,
73,2,,红十字会,中国,,,,
74,1,,,,,,,
75,1,,莆田口罩生产线,中国,福建,,,
75,2,,机器人与疫情,,,,,
75,3,,怎么对待湖北人,中国,湖北,,,
76,1,,疫情要抓经济尽快复工,中国,,,,
76,2,,口罩政策,中国,,,,
76,3,,奖励主动就医的发热病人,中国,,,,
76,4,,武汉征用学生宿舍事件,中国,湖北,,,
76,5,,底层人民捐款,中国,,,,
76,6,,交通部文件保证经济运行,中国,,,,
76,7,,蛋卷修复辉光管图,,,,,
77,1,,散装江苏,中国,江苏,,,
77,2,,线上文化产品崛起,中国,,,,
77,3,,厦门摇号买口罩后续,中国,福建,,,
77,4,,征用学生宿舍后续,中国,湖北,,,
78,1,,《美国工厂》评论,中国 美国,,,,
78,2,,美国男子“为地平说”坐火箭死亡,,,,,
79,1,,各省市复工积极性不同,中国,,,,
79,2,,各地奖励医护人员“子女择校权”,中国,,,,
79,3,,学区房与择校权,中国,,,,
79,4,,蛋卷彩蛋,,,,,
80,1,,加拿大庞巴迪离开航空业,加拿大,,,,
80,2,,小米和美团申请低息贷款,中国,,,,
80,3,,工业城市上海,中国,上海,,,
80,4,,房产税与房租,中国,,,,
81,1,,韩国基督教会公然聚会,韩国,,,,
81,2,,滇国相印与滇国历史,中国,云南,,,
81,3,,医护人员奖励问题,中国,,,,
81,4,,房产税与房租后续,,,,,
82,1,,美国童子军性侵案与历史,美国,,,,
82,2,,奖励主动就医后续,中国,,,,
82,3,,湖北减税后续,中国,湖北,,,
83,1,,《外国人永久居住管理条例》,中国,,,,
83,2,,国家奖励与积极性,中国,,,,
83,3,,静静谈温州疫情体验,中国,浙江,,,
83,4,,督公机场轶事,,,,,
83,5,,蛋卷咬箱子,,,,,
84,1,,武汉百步亭社区,中国,湖北,,,
84,2,,香港给民众发现金,中国,香港,,,
84,3,,静静吐槽自己是工具人,,,,,
84,4,,疫情相关消息,,,,,
85,1,,法国强行通过退休制度改革,美国,,,,
85,2,,SpaceX星际飞船SN1原型爆炸,美国,,,,
85,3,,"肖战“227""事件",中国,,,,
85,4,,学区房与买卖入学资格后续,中国,,,,
85,5,,静静在线求饶,,,,,
86,1,,法国强行通过退休制度改革,法国,,,,
86,2,,美国男子为证明地平说坐火箭上天遇难,美国,,,,
86,3,,B站成上海指定网络学习平台之一,中国,上海,,,
86,4,,贫困学生上网课问题,中国,,,,
86,5,,国际油价下跌,,,,,
86,6,,督公魔法秀,,,,,
87,1,,美国与塔利班签署和平协议,美国 阿富汗,,,,
87,2,,刘亦菲《花木兰》吻戏被删与迪士尼盈利方式,中国 美国,,,,
88,1,,快手网红辛有志给武汉捐款1亿,中国,湖北,,,
88,2,,山西垣曲抽水蓄能电站复工,中国,山西,,,
88,3,,《东方学刊》《临高启明》同人论文,,,,,
88,4,,静静无感情读稿,,,,,
89,1,,方正集团债务问题,中国,,,,
89,2,,北京延长供暖时间,中国,北京,,,
89,3,,多地民办中学统一摇号,中国,,,,
89,4,,《东方学刊》《临高启明》同人论文,,,,,
90,1,,温州人才购房优惠,中国,浙江,,,静静
90,2,,蛋卷之“咚”,,,,,
90,3,,日本东京奥运会问题,日本,,,,
90,4,,云南150名医务人员集体放弃补助,中国,云南,,,
90,5,,贵州遵义债务问题（鞭尸独山）,中国,贵州,,,
91,1,,苹果降速门与集体诉讼,美国,,,,
91,2,,拾荒老人被保安殴打,中国,天津,,,
91,3,,疫情期间海外中国人回国问题,中国,,,,
92,1,,印度扣下中国货轮,印度 中国,,,,
92,2,,日本公司涉嫌对华出口“军事设备”,日本 中国,,,,
92,3,,马斯克火箭与长征7号甲发射失利,美国 中国,,,,
92,4,,日本舰长当牛郎,日本,,,,
92,5,,洗衣机吹风机,,,,,广告
93,1,,张伟丽卫冕UFC冠军,中国 美国,,,,
93,2,,台湾出口口罩与台湾产业,中国,台湾,,,
93,3,,智利发生特大抢劫案,智利,,,,
93,4,,远程森林灭火炮,中国,,,,
93,5,,印度疫情,印度,,,,
93,6,,成都重庆贵阳大环列车线,中国,四川 重庆 贵州,,,
94,1,,山东海阳核电站事故,中国,山东,,,
94,2,,韩国李家三星集团现状,韩国,,,,
94,3,,美国疫情展望,美国,,,,
94,4,,腾讯起诉某平台用游戏视频获利,中国,,,,
94,5,,曾光采访,中国,,,,
94,6,,四川开放麻将馆,中国,四川,,,
95,1,,中国敬业集团收购英国钢铁集团,中国 英国,,,,
95,2,,河北钢铁产业问题,中国,河北,,,
95,3,,九江黄冈互撤防疫点,中国,江西 湖北,,,
95,4,,日本小池百合子建议在奥运村隔离,日本,,,,
96,1,,督工带你看上海,中国,上海,,,
97,1,,江浙沪全面实行公民同招,中国,江苏 浙江 上海,,,
97,2,,各省市GDP大挤水,中国,,,,
97,3,,深圳禁止吃狗肉,中国,广东,,,
97,4,,青岛外国人核酸检测插队,中国,山东,,,
98,1,,毛虾引起核电站停堆,中国,广东,,,
98,2,,科学家精准删除特定记忆,中国,,,,
98,3,,医保目录删除“神药”,中国,,,,
98,4,,农商行问题,中国,,,,
98,5,,猫容易感染新冠病毒,,,,,
98,6,,广西大藤峡水利枢纽近照,中国,广西,,,
99,1,,东阿阿胶首次亏损与瑞幸咖啡,中国 美国,山东,,,
99,2,,通州和北三县协同发展规划出炉#燕郊#,中国,北京 河北,,,
99,3,,各国国家元首与疫情,,,,,
99,4,,中国新发现陨石坑,中国,,,,
100,1,,农业部拟禁食狗肉,中国,,,,
100,2,,郝柏村去世,中国,台湾,,,
100,3,,蒙古国改回成吉思汗时期文字,蒙古,,,,
100,4,,百期回顾,,,,,
101,1,,凉山火灾又导致19人牺牲,中国,四川,,,
101,2,,消防队研究睡前消息,,,,,
101,3,,回应虐待动物话题,,,,,
102,1,,飞地加格达奇历史,中国,黑龙江 内蒙古,,,
102,2,,错误与口误,,,,,
102,3,,钟南山言论解读,中国,,,,
102,4,,回应UFC,,,,,
102,5,,蛋卷彩蛋,,,,,
103,1,,新冠病毒来源于美国,美国,,,,
103,2,,生命游戏介绍,,,,,
103,3,,第三世界疫情情况,,,,,
103,4,,凉山火灾后续,中国,四川,,,
103,5,,新统一风格封面,,,,,
104,1,,“鲍毓明”事件与社会化抚养,中国,,,,
105,1,,美国日本联手将企业搬出中国,中国 美国 日本,,,,
105,2,,数字货币和新基建,中国,,,,
105,3,,诺基亚贝尔竞标失败,,,,,孙宏宇
105,4,,部分医护人员防疫补贴被取消,中国,,,,
105,5,,对美舆论战,中国 美国,,,,
106,1,,韩国SK集团政商婚姻破裂,韩国,,,,
106,2,,数字新基建,中国,,,,
106,3,,文在寅国会选举大胜,韩国,,,,
106,4,,列宁诞辰150周年及彩蛋,,,,,
106,5,,刘亦菲花木兰手办上线,,,,,
107,1,,去骁话一下串门,,,,,
107,2,,多国限制粮食出口,,,,,
107,3,,机械化农业,,,,,
107,4,,衢州教育局要求学校行作揖礼,中国,浙江,,,
108,1,,俄罗斯疫情恶化,俄罗斯,,,,
108,2,,部分中国公民滞留中俄边境,中国 俄罗斯,,,,
108,3,,医疗市场化,中国,,,,
109,1,,AI“读心术”又有新进展,美国,,,,
109,2,,河北多个村庄出现自来水异常,中国,河北,,,
109,3,,合肥拟禁养中华田园犬等多种犬类,中国,安徽,,,
109,4,,深圳环评报告被曝抄袭,中国,广东,,,
109,5,,全斗焕被告,韩国,,,,
110,1,,举办线上广交会,中国,广东,,,
110,2,,中国帮助孟加拉修建帕德玛大桥,中国 孟加拉,,,,
110,3,,山西翼城土地托管,中国,山西,,,
110,4,,中国钢产量占比新高,中国,,,,
111,1,,深圳高房价与发展,中国,广东,,,
111,2,,评《后浪》,中国,,,,
112,1,,阅文合同风波和腾讯,中国,,,,
112,2,,俄罗斯疫情,俄罗斯,,,,
112,3,,三星李在镕道歉,韩国,,,,
112,4,,长江口航道整治,中国,,,,
113,1,,吉利中国特斯拉,中国 美国,,,,高流
113,2,,埃克森美孚惠州乙烯厂,中国 美国,广东,,,
113,3,,广西“百香果女孩”案,中国,广西,,,
113,4,,衢州推行作揖礼后续,中国,浙江,,,
113,5,,凉山大火后续,中国,四川,,,
113,6,,福建部分矿山躲避检查,中国,福建,,,
113,7,,T恤推广,,,,,
114,1,,BBC运营,英国,,,,
114,2,,北京西城区实行多校划片,中国,北京,,,
114,3,,凉山异地扶贫搬迁,中国,四川,,,
115,1,,“27岁有400栋楼”视频引争议,中国,,,,韦恩
115,2,,印度首富身价超马云成亚洲首富,印度 中国,,,,
115,3,,沪杭超级磁悬浮,中国,浙江 上海,,,
116,1,,外地播报,,,,,
116,2,,美国对脸书开出50亿美元罚单,美国,,,,
116,3,,古巴医疗水平,古巴,,,,
116,4,,中国饮食习惯地图,中国,,,,
117,1,,外地播报,,,,,
117,2,,香港TVB电视台连续亏损,中国,香港,,,
117,3,,上海建设超导电缆,中国,上海,,,
118,1,,外地播报,,,,,
118,2,,评《入海》与毕业季,中国,,,,
118,3,,国家推进房地产税立法,中国,,,独山县,
119,1,,王石捐了2亿股票给清华,中国,,,,高流
119,2,,高校异地办分校,中国,,,,
119,3,,四川首次出现正厅级县委书记,中国,四川,,,
119,4,,督公唱《后海》,,,,,
120,1,,美国女足要求同工同酬被驳回,美国,,,,韦恩
120,2,,多篇论文遭国外期刊撤稿,中国,,,,高流
120,3,,灵长类动脉血管衰老因子发现,中国,,,,
120,4,,人造叶绿体研制成功,德国,,,,
120,5,,督公赶回,,,,,
121,1,,清华停招新闻本科生,中国,,,,
121,2,,谈《弱传播》,中国,,,,
121,3,,教育部：京津冀统一高考不宜实行,中国,,,,
121,4,,北京车牌摇号政策,中国,北京,,,
121,5,,杭州健康码,中国,浙江,,,
121,6,,双语硕士应聘保姆,中国,,,,
122,1,,大柱山隧道建成,中国,云南,,,
122,2,,狗不理包子退市,中国,天津,,,韦恩
122,3,,学区房后续,中国,,,,
122,4,,腾讯网文后续,中国,,,,
122,5,,网友制作弹幕词云,,,,,
122,6,,睡前消息T恤推广,,,,,周边
123,1,,徐州三院彻底私有化,中国,江苏,,,
123,2,,中欧班列疫情下逆势增长,中国,,,,
123,3,,《国家畜禽遗传资源目录》正式公布,中国,,,,
123,4,,《民法典》颁布与离婚冷静期,中国,,,,
123,5,,西安对环卫工要求以克论净,中国,陕西,,,
124,1,,余大钊余亮串门,,,,,
124,2,,商务部长称要增加全国连锁便利店,中国,,,,
124,3,,地方借债应受到人大监督（鞭尸独山）,中国,,,独山县,
124,4,,钟美美被约谈,中国,黑龙江,,,
124,5,,一线乡村教师谈社会化抚养,中国,,,,
124,6,,豫章书院后续,中国,江西,,,
124,7,,“牧羊案”狱中转移股份,中国,江苏,,,
124,8,,深圳养狗新政,中国,广东,,,
124,9,,最大深海天然气管道,中国,,,,
125,1,,北京永定河淹没高尔夫球场,中国,北京,,,
125,2,,日本防疫现状,日本,,,,
125,3,,“五个一”政策问题,中国,,,,
125,4,,北京拒绝地摊经济,中国,北京,,,
125,5,,农业部禁食狗肉论据似有误,中国,,,,
126,1,,土耳其军舰在利比亚领海开火,土耳其 利比亚,,,,
126,2,,偷狗团伙作案,中国,,,,
126,3,,评快手宣传片《看见》,中国,,,,
127,1,,双槐树遗址被定义为“河洛古国”,中国,河南,,,
127,2,,美国实现了人类细胞可控可逆变透明,美国,,,,
127,3,,长江流域抗生素污染调查,中国,,,,
127,4,,新演播室正式上线,,,,,
128,1,,美国种族歧视与警察制度,美国,,,,
129,1,,上海计划修建多条城际铁路,中国,上海,,,
129,2,,江苏将开通两座长江铁路大桥,中国,江苏,,,
129,3,,美国警察高额工资,美国,,,,
129,4,,牛奶抗生素问题后续,中国,,,,
129,5,,欧美反种族主义者损毁哥伦布丘吉尔塑像,英国 美国,,,,
130,1,,Uzi退役入驻B站,中国,,,,
130,2,,澳门赌王何鸿燊去世,中国,澳门,,,
130,3,,《乱世佳人》被下架,美国,,,,
130,4,,中印边境爆发冲突,中国 印度,,,,
130,5,,王峥华案宣判和录音手环,中国,,,,
131,1,,张伯礼的大数据中医,中国,,,,
131,2,,海南自贸港方案,中国,海南,,,
131,3,,父亲打儿子新闻,中国,安徽,,,
131,4,,回应录音手环问题,,,,,
131,5,,中印边境问题后续,中国 印度,,,,
131,6,,可以长出毛发人造皮肤,,,,,
132,1,,中国破纪录飞行员光荣停飞,中国,,,,
132,2,,6亿人月收入不足1000元,中国,,,,
132,3,,美国明尼阿波利斯市试图解散警察局,美国,,,,
133,1,,大陆对台湾让利情况,中国,台湾,,,
133,2,,特朗普侄女写书揭露特朗普,美国,,,,
133,3,,王振华案律师获天价酬劳,中国,,,,
133,4,,沪苏通大桥命名方式,中国,上海 江苏,,,
134,1,,评山东“合村并居”,中国,山东,,,
135,1,,山东临沂投资5600万建设电商平台,中国,山东,,,
135,2,,黑人牙膏或被迫改名,中国,,,,
135,3,,乌苏东水电站首批机组投产发电,中国,新疆,,,
135,4,,中国粗钢产量占世界62%,中国,,,,
135,5,,国产高能离子注入机重大突破,中国,,,,
135,6,,印度多名农民被雷电劈死,印度,,,,
136,1,,红石岩堰塞坝建成水电站,中国,云南,,,
136,2,,国民党民调支持率跌至冰点,中国,台湾,,,
136,3,,北京给医护人员配备检测亭,中国,北京,,,
137,1,,东北老爸收养上百孩子和社会化抚养,中国,辽宁,,,
137,2,,豫章书院后续,中国,江西,,,
137,3,,索马里兰与台湾省互设“官方代表处”,索马里兰 中国,台湾,,,
137,4,,山东“苟晶事件”后续发展,中国,山东,,,
137,5,,印度雷劈事件后续,印度,,,,
137,6,,蛋卷彩蛋,,,,,
138,1,,督公的高考回忆与祝愿,,,,,
138,2,,也门内战打到索科特拉岛,也门,,,,
138,3,,土耳其使用人民币作为部分结算货币,土耳其 中国,,,,
138,4,,估算银河系中文明数量,,,,,
138,5,,苟晶事件后续,中国,山东,,,
138,6,,蛋卷彩蛋,,,,,
139,1,,腾讯老干妈事件,中国,广东 贵州,,,
139,2,,中国“旋转门”,中国,,,,
140,1,,,,,,,
141,1,,睡前消息周年特辑·下,,,,,
141,2,,键政：用社会工程学知识反玄学,,,,,
141,3,,7.18周六晚8点，督工谈高考选专业,,,,,
142,1,,印度武器采购情况,印度,,,,
142,2,,云南全免费女子高中,中国,云南,,,
143,1,,欧洲加密通讯手机和奴隶市场,荷兰 英国 法国,,,,
143,2,,云南全免费女子高中和衡水模式,美国 委内瑞拉,,,,
143,3,,埃塞俄比亚复兴大坝开始蓄水,埃塞俄比亚,,,,
144,1,,山东大学调整留学生预算,中国,山东,,,
144,2,,支持中国学生去第三世界,中国,,,,
144,3,,新冠海外疫情,,,,,
144,4,,阿塞拜疆与亚美尼亚冲突升级,阿塞拜疆 亚美尼亚,,,,
144,5,,珠海拍卖砂石矿创新高,中国,广东,,,
144,6,,革命前辈黄建华欲出版战争回忆录,中国,,,,
144,7,,蛋卷彩蛋,,,,,
145,1,,,,,,,
145,2,,梦幻西游动画短剧《梦游敦煌》,中国,,,,
145,3,,巴基斯坦巴沙水电站,巴基斯坦,,,,
145,4,,中铁国际班,中国,,,,
146,1,,狂犬疫苗短缺及原因,中国,,,,
146,2,,非洲撒哈拉边缘地区及马里局势,马里 尼日尔 尼日利亚 乍得,,,,
147,1,,新加坡人民行动党历史,新加坡,,,,
147,2,,银河航天落户南通与民营航天前景,中国,江苏,,,
147,3,,船用20兆瓦级汽轮发电机组成功应用,中国,,,,
147,4,,太阳系外多颗行星围绕类太阳恒星运转照片,,,,,
148,1,,土耳其央行屯黄金与土耳其局势,土耳其,,,,
148,2,,狂犬疫苗短缺问题后续,中国,,,,
148,3,,某副局长被抓涉1997年运钞车抢劫案,中国,河北,,,
148,4,,不认真刷牙会导致阿尔兹海默症,,,,,
148,5,,两档新节目预告（我们生长的地方，万物由来）,,,,,
149,1,,马兴国西马银移民开发区,中国,宁夏,,,
149,2,,《我们生长的地方》介绍,,,,,
149,3,,西安为中国中心的论证,中国,陕西,,,
150,1,,银川闽宁镇移民扶贫成功经验,中国,宁夏,,,
150,2,,高层次人才优先就医规定,中国,陕西,,,
150,3,,白俄罗斯扣押33个俄罗斯“武装人员”,白俄罗斯 俄罗斯,,,,
150,4,,中国上半年GDP达到美国64.2%,中国 美国,,,,
150,5,,浙江高考争议满分作文,中国,浙江,,,
151,1,,黎巴嫩发生硝酸铵大爆炸,黎巴嫩,,,,
151,2,,威马试驾与智能汽车的“电车难题”,,,,,
151,3,,英特尔考虑重大转型,美国,,,,
151,4,,马斯克“星舰”完成低空试飞,美国,,,,
151,5,,国家博物馆收藏武汉封城时的送货机器人,中国,湖北,,,
152,1,,张玉环案的后续处理方式,中国,江西,,,
152,2,,狂犬疫苗信息更正与扩展,中国,,,,
152,3,,新节目《万物由来》预告,,,,,
153,1,,台湾省拟废除“监察院”和“考试院”,中国,台湾,,,
153,2,,中国首座商业氦气工厂正式投入运营,中国,,,,
153,3,,气象探测无人艇成功探测台风中心,中国,,,,
153,4,,张玉环案后续,中国,江西,,,
153,5,,左手王漫画展示,,,,,
154,1,,耒阳市高考第一选择了北大考古系,中国,湖南,,,
154,2,,小米十周年,中国,,,,
154,3,,浙江省考试院取消陈建新阅卷资格,中国,浙江,,,
154,4,,中国自然科学论文年平均数超过美国,中国 美国,,,,
154,5,,中国科学家确定蝗虫聚集的信息素,中国,,,,
155,1,,印度国营电信公司运营现状,印度,,,,
155,2,,韩国“加湿器杀人”事件,韩国,,,,
155,3,,澳对华贸易顺差创记录,澳大利亚 中国,,,,
156,1,,陕西贫困县借7亿建中学,中国,陕西,,,
156,2,,西班牙前国王“流亡海外”,西班牙,,,,
156,3,,白俄罗斯爆发游行抗议选举造假,白俄罗斯,,,,
156,4,,泰国爆发反国王游行,泰国,,,,
156,5,,土耳其希腊军舰冲突,土耳其 希腊,,,,
157,1,,2020年全球社会流动性报告解读,,,,,
157,2,,评行政命令节约粮食,中国,,,,
157,3,,对线陈平：上海2000vs洛杉矶3000,,,,,
157,4,,非洲马里局势,马里,,,,
157,5,,司法冤案的处理,中国,,,,
157,6,,美国选举“被干预”,美国,,,,
157,7,,李子柒柳州开设工厂,中国,广西,,,
158,1,,《八佰》影评,中国,,,,
159,1,,督工撰《八佰》新剧本,,,,,
160,1,,科协3年提出100个重大问题,中国,,,,
160,2,,韩国医师协会抗议医科大学扩招,韩国,,,,
160,3,,陕西贫困县豪华中学后续,中国,陕西,,,
160,4,,国内硝酸铵大检查,中国,,,,
160,5,,离台最近火车站建成,中国,,,,
161,1,,疟疾的抗药性和青蒿素,中国,,,,
162,1,,广西南宁创建文明城市乱象,中国,广西,,,
162,2,,印度军政府镇压克什米尔,印度,,,,
162,3,,蛋卷彩蛋,,,,,
163,1,,预制板与装配式建筑,,,,,
163,2,,韩国海军扩张计划,韩国,,,,
164,1,,深圳房价与新加坡经验,中国 新加坡,广东,,,
165,1,,珠峰工程：中国乙肝感染者现状,中国,,,,
165,2,,台湾地区国民党的“九二共识”态度,中国,台湾,,,
165,3,,美国加利福尼亚州火灾现状,美国,,,,
165,4,,高校就业率“掺水”,中国,,,,
165,5,,贵州大方县大规模挪用教师工资,中国,贵州,,,
165,6,,深圳学习新加坡租房模式后续,中国 新加坡,广东,,,
165,7,,9月9日晚直播预告之我们生长的地方,,,,,
166,1,,中国种猪进口现状,中国,,,,
166,2,,民政部结婚新政策,中国,,,,
166,3,,新华字典改动“光明的前途”,中国,,,,
166,4,,奥斯卡修改规则照顾女性和少数族裔,美国,,,,
166,5,,日本女足球星加入男足队,日本,,,,
166,6,,山西汾阳邪教组织强迫婚姻,中国,山西,,,
167,1,,《花木兰》影评,中国 美国,,,,影评
167,2,,武汉弘芯的芯片泡沫,中国,湖北,,,
167,3,,台积电大规模招人,中国,台湾,,,
167,4,,华为包机运回芯片,中国,,,,
167,5,,强基计划招不满人,中国,,,,
168,1,,苏州文明码引发争议,中国,江苏,,,
168,2,,滴滴橙果计划,中国,,,,
169,1,,外卖骑手的内卷人生,中国,,,人物访谈,
170,1,,国外房地产业救经济,,,,,
170,2,,职工医保个人账户改革,中国,,,,
170,3,,督工小剧场之护眼仪,,,,,广告
170,4,,国民党反动派王金平不来开会,中国,台湾,,,
171,1,,TikTok的中国模式解决方案,中国 美国,,,,
171,2,,荷兰种猪出口大国,荷兰,,,,
171,3,,新党提出所谓“一国两制台湾方案”,中国,台湾,,,
171,4,,天津蓟州拖欠乡村教育补贴,中国,天津,,,
172,1,,四所大学本科生可直接落户上海,中国,上海,,,韦恩
172,2,,土地出让金将允许省级适度统筹,中国,,,,韦恩
172,3,,茅台首发债券收购贵州高速股份,中国,贵州,,,韦恩
172,4,,《阿甘正传》原著作者去世,美国,,,,韦恩
172,5,,狂犬病现状后续,中国,,,,韦恩
172,6,,央行是否“防水”回复,中国,,,,韦恩
172,7,,中科大少年预备班祝福,中国,,,,韦恩
173,1,,澳一测控站将不再为中国服务,中国 澳大利亚,,,,
173,2,,湖南怀化强制落实普高职校1：1分流,中国,湖南,,,
174,1,,潍柴突破50%热效率商业化柴油机,中国,山东,,,
175,1,,体育总局要求所有选手测体能,中国,,,,
175,2,,幼儿园针眼与社会化抚养,中国,内蒙古,,,
175,3,,中国银行笔试考题无所不包,中国,,,,
175,4,,各地限价拍卖土地现状,中国,,,,
175,5,,创卫创文现状,中国,,,,
175,6,,印度首富恐欠款不还,印度,,,,
175,7,,美国火灾动物建奇功,美国,,,,
175,8,,阿坝州齿轨铁路与川藏铁路,中国,四川 西藏,,,
176,1,,中国光伏产业与2060年碳中和计划,中国,,,,
176,2,,埃及建超深井抽上古地下水,埃及,,,,
176,3,,印度开通中印边境重要隧道,印度 中国,,,,
176,4,,第三批预备宇航员选拔完成,中国,,,,
176,5,,手机拍照举报交通违法行为,中国,,,,
176,6,,北京店铺招牌新规,中国,北京,,,
177,1,,《夺冠》《一点就到家》影评,中国,,,,影评
177,2,,深圳城中村后续,中国,广东,,,
178,1,,,,,,,
179,1,,转基因猪,中国,,,,
179,2,,督工剧场：电动牙刷,,,,,广告
179,3,,中国碳中和计划后续,中国,,,,
179,4,,无人破障船,中国,,,,
179,5,,首批试飞员博士生入学,中国,,,,
179,6,,南方电网原副总败诉,中国,,,,
179,7,,体育总局回应体能测试,中国,,,,
179,8,,央视复播NBA,中国 美国,,,,
179,9,,巴基斯坦禁用TikTok,巴基斯坦 中国,,,,
179,10,,美司法部就种族歧视起诉耶鲁大学,美国,,,,
180,1,,主播拉姆烧伤身亡与个人信息管理,中国,四川,,,
180,2,,《我和我的家乡》影评,中国,,,,影评
180,3,,军民两用的改造无人机,中国,,,,
181,1,,美国“第一高中”改革为摇号入学,美国,,,,
181,2,,美国宣布解散“非对称作战大队”,美国,,,,
181,3,,督工剧场：手游,,,,,广告
181,4,,香港继续任命外籍法官,中国,香港,,,
181,5,,上海天津户口政策松动,中国,上海 天津,,,
181,6,,研究生自杀问题,中国,,,,
182,1,,台湾陆军扩增一倍,中国,台湾,,,
182,2,,督工剧场：护颈仪,,,,,
182,3,,教育部宣布拉平中考数学和体育分数,中国,,,,
182,4,,学校建车库给家长停车,中国,陕西,,,
182,5,,成都大学党委书记溺水死亡,中国,四川,,,
183,1,,,,,,,
184,1,,全国芯片产业泡沫,中国,,,,
184,2,,俄罗斯大飞机项目即将崩盘,俄罗斯,,,,
185,1,,纪念抗美援朝战争胜利，《金刚川》影评,中国,,,电影,影评
186,1,,深圳996立法问题,中国,广东,,,
186,2,,美国福音派与犹太人和犹太国家,美国,,,,
187,1,,中国纺织服装产业外流问题,中国,,,,
187,2,,中国不再购买澳大利亚棉花,中国 澳大利亚,,,,
187,3,,美国民兵组织密谋绑架密歇根州长,美国,,,,
187,4,,钟南山回复板蓝根事件,中国,,,,
187,5,,埃塞俄比亚复兴大坝受威胁,埃塞俄比亚,,,,
187,6,,玉米亩产破纪录仍低于转基因玉米,中国 美国,,,,
188,1,,和“台妹pk”探讨祖国医保问题,中国,,,,
188,2,,盐穴压缩空气储能技术,中国,,,,
188,3,,俄罗斯“图-154”客机退役,俄罗斯,,,,
188,4,,哈尔滨学者型副市长蒋传海,中国,黑龙江,,,
189,1,,张桂梅强硬拒绝“全职太太”的捐款,中国,云南,,,
189,2,,美国大选辩论发展历史与趋势,美国,,,,
189,3,,三峡工程完成整体竣工验收,中国,,,,
189,4,,评价回国人员48小时双阴性测试,中国,,,,
189,5,,柏林建设14年机场完工,德国,,,,
189,6,,《国家中长期经济社会发展战略若干重大问题》,中国,,,,
190,1,,心脏支架价格暴跌,中国,,,,
190,2,,监管部门暂停蚂蚁金服上市进程,中国,,,,
191,1,,谈“内卷”,中国,,,,
191,2,,素媛罪犯原型家乡加装摄像头,韩国,,,,
191,3,,哈尔滨狂犬病疫苗短缺,中国,黑龙江,,,
191,4,,埃塞内部爆发种族仇杀,埃塞俄比亚,,,,
191,5,,心脏支架降价后续,中国,,,,
191,6,,美福音派宗教顾问现状,美国,,,,
191,7,,美国大选,美国,,,,
192,1,,土库曼“走夜路不害怕”榜单排名第二,土库曼斯坦,,,,
192,2,,督工剧场：电动升降桌,,,,,广告
192,3,,煤浆管道技术的利弊,中国,,,,
192,4,,尼日利亚骚乱,尼日利亚,,,,
192,5,,河北冬季取暖问题,中国,河北,,,
192,6,,京沈高铁全线贯通,中国,北京 辽宁,,,
192,7,,北京星火站撞名辽宁朝阳站,中国,北京 辽宁,,,
193,1,,美国再次批准对台6亿美元军售,中国 美国,台湾,,,
193,2,,俄勒冈成首个“硬性毒品”合法化的州,美国,,,,
194,1,,埃塞俄比亚内战在即,埃塞俄比亚,,,,
195,1,,彩票引质疑,中国,湖北,,,
195,2,,地方国企纷纷债务违约,中国,,,,
195,3,,美对外军售态度差别,美国,,,,
196,1,,北京刑拘结婚过户车牌的124人,中国,北京,,,
196,2,,网络词义弱化现象,,,,,
196,3,,天津大学张裕卿教授公开造假事件,中国,天津,,,
196,4,,RCEP相关 53,中国,,,,
197,1,,中国青少年身高超越日韩,中国 日本 韩国,,,,
197,2,,泰国政治体制的历史成因和现实困境,泰国,,,,
197,3,,中国新款建筑垃圾破碎机,中国,,,,
197,4,,丰宁抽水蓄能电站开始蓄水,中国,河北,,,
198,1,,前华为员工谈重塑通讯行业生态,,,,,孙宏宇
199,1,,董佳宁“快闪”,,,,,
199,2,,西撒哈拉经济危机转化为军事对抗,摩洛哥 阿尔及利亚 毛里塔尼亚,,,,
199,3,,长春GDP超过沈阳,中国,吉林 辽宁,,,
200,1,,答案年终秀·马前卒演讲片段,,,,,
200,2,,年产十亿吨钢铁 科幻文化为中国导航,,,,,
201,1,,全球互联网反垄断浪潮,,,,,
202,1,,雅鲁藏布江下游水利资源问题,中国,,,,
202,2,,中国为印度修煤制化肥厂,中国 印度,,,,
202,3,,继美国后欧洲消费者集体起诉苹果,,,,,
202,4,,两地小学生干扰铁路运营,中国,江西,,,
203,1,,静静放婚假,,,,,
203,2,,蛋壳公寓的金融游戏,中国,,,,
203,3,,bilibili年度弹幕“爷青回”,中国,,,,
203,4,,2020年流行词：打工人，后浪,中国,,,,
203,5,,导师与学生性别与学术成就相关性,美国 阿联酋,,,,
204,1,,静静的超短婚假,,,,,
204,2,,进口变速器限制中国自行车生产,中国,,,,
204,3,,落后煤气罐产能的也门发展,中国 也门,,,,
204,4,,标普收购埃信华迈,美国 英国,,,,
204,5,,各国航母动态,,,,,
204,6,,阿里地区接入藏中电网,中国,西藏,,,
204,7,,莫桑比克遭遇北非极端势力袭击,莫桑比克,,,,
204,8,,埃塞俄比亚内战结束,埃塞俄比亚,,,,
204,9,,格库铁路全线贯通,中国,青海 新疆,,,
205,1,,台湾省劳动基金亏损腐败案,中国,台湾,,,
205,2,,加拿大插手印度农民问题,加拿大 印度,,,,
205,3,,督工剧场：颈部按摩仪,,,,,广告
205,4,,抗美援朝与国际主义,中国 朝鲜 美国,,,,
206,1,,东欧国家的保守化倾向,波兰 匈牙利,,,,
206,2,,督工剧场：拼多多,,,,,广告
206,3,,美国整合太空军,美国,,,,
206,4,,新型小分子药物扭转衰老,美国,,,,
207,1,,阿根廷收取存量财产税,阿根廷,,,,
207,2,,丁真走红引争议,中国,四川,,,
207,3,,天津性别比失调,中国,天津,,,
207,4,,互联网巨头插手社区买菜,中国,,,,
207,5,,海豹与蛋卷的桌垫广告,,,,,
208,1,,云南三七产业与民族医药,中国,云南,,,
208,2,,美国承认西撒哈拉主权归属摩洛哥,美国 摩洛哥,,,,
208,3,,孟加拉帕德玛大桥合龙,孟加拉,,,,
209,1,,专利在中国法律中的特殊地位,中国,,,,
209,2,,锂电池技术出现突破,,,,,
209,3,,督工剧场大众汽车,,,,,
209,4,,集装箱数量限制中国外贸,中国,,,,
209,5,,多地县级医院升为三级,中国,,,,
209,6,,光伏玻璃汽车玻璃政策松绑,中国,,,,
209,7,,各国纷纷着眼外星标本,,,,,
209,8,,巴黎女性高级职务比例过高被罚款,法国,,,,
209,9,,河北铁矿石被偷盗,中国,河北,,,
209,10,,转基因推广近况,,,,,
210,1,,HR联盟事件,中国,浙江,,,
210,2,,山西临县初三女生挨打事件,中国,山西,,,
210,3,,山东变性青年被父母绑架,中国,山东,,,
210,4,,泡泡玛特盲盒上市,中国,,,,
210,5,,知乎改版取消点赞分享功能,中国,,,,
210,6,,督工为煎蛋网引流,,,,,
210,7,,股市公益广告,,,,,
211,1,,汕头农村信用社改制进程全国最慢,中国,广东,,,
211,2,,汕头13岁退学新娘与其保守源头,中国,广东,,,
211,3,,浙江义乌为环保指标限电,中国,浙江,,,
211,4,,尼泊尔毛主义政党近况,尼泊尔,,,,
211,5,,台湾南回线铁路电气化改造完成,中国,台湾,,,
211,6,,外交部长中美关系最新表态,中国 美国,,,,
211,7,,广州省委“十四五”实施建议,中国,广东,,,
211,8,,袋装螺蛳粉销量破百亿·,中国,广西,,,
211,9,,猪一胆汁酸或可强力控糖预防糖尿病,中国,上海,,,
211,10,,土木双星重合,,,,,
211,11,,蛋卷两周岁生日预告,,,,,蛋卷
212,1,,浙赣运河与浙江航道改造计划,中国,浙江 江西,,,
212,2,,南北经济对比与水运成本,中国,,,,
212,3,,《守护解放西》和安全与隐私问题,中国,湖南,,,
212,4,,蛋卷2周岁生日,,,,,蛋卷
213,1,,“文明城市”名单公布,中国,,,,
213,2,,督工剧场：洗脸仪,,,,,广告
213,3,,约旦基本情况,约旦,,,,
214,1,,沿江铁路建设继续推进,中国,,,,
214,2,,多条全自动无人驾驶地铁上线,中国,,,,
214,3,,农村宅基地问题,中国,,,,
214,4,,俄罗斯两起盗窃案,俄罗斯,,,,
214,5,,“九期一”落选医保目录,中国,,,,
214,6,,埃塞俄比亚新的种族矛盾,埃塞俄比亚,,,,
214,7,,衢丽铁路正式开建,中国,浙江,,,
214,8,,发改委：南方限电问题已缓解,中国,,,,
214,9,,上海监测手环实例,中国,上海,,,
215,1,,年终盘点·2020流水账（上）,,,,,
215,2,,新冠疫情,,,,,
215,3,,国内外重大工程,,,,,
215,4,,全球财经新闻,,,,,
215,5,,社会新闻,,,,,
216,1,,年终盘点·2020流水账（下）,,,,,
216,2,,国际新闻,,,,,
216,3,,深刻影响照片,,,,,
217,1,,《送你一朵小红花》影评,中国,,,电影,
217,2,,抗PD-1药进医保,中国,,,,
218,1,,印度人口涨势趋缓,印度,,,,
218,2,,介绍保加利亚,保加利亚,,,,
218,3,,督工剧场：小米手机,,,,,
218,4,,郭敬明于正道歉,中国,,,,
218,5,,合肥对GDP数字持谨慎态度,中国,安徽,,,
218,6,,澳门博彩业收入暴跌,中国,澳门,,,
218,7,,云南防止儿童溺水系统,中国,云南,,,
218,8,,比特币暴涨马前卒反思,,,,,
219,1,,拼多多员工猝死事件,中国,,,,
219,2,,小米MIUI,,,,,广告
219,3,,年轻人宏观上乐观与微观上的悲观,中国,,,,
220,1,,平潭岛通铁路及其它岛屿铁路情况,中国,,,,
220,2,,台军将军数量分析,中国,台湾,,,
220,3,,评电竞综艺《竟然如此》,中国,,,,
220,4,,施工队会计魏峰聊股票退市新制度,中国,,,,
220,5,,动产和权利统一登记,中国,,,,
220,6,,监管层直接介入君康人寿,中国,,,,
220,7,,工作室工作情况,,,,,幕后
221,1,,核电废料库选址与处理,中国,甘肃,,,
221,2,,海尔洗衣机,,,,,胡一平 广告
221,3,,图-160升级与中国发动机发展问题,俄罗斯 中国,,,,
221,4,,俄罗斯高官感染全民感染可能性高,俄罗斯,,,,
221,5,,杭甬运河体验报道,中国,浙江,,,
221,6,,“观众复读”传言辟谣,,,,,
222,1,,特朗普与新古典主义,美国,,,,
222,2,,小米MIUI,,,,,广告
222,3,,山西县制改革,中国,山西,,,
222,4,,《城市政商关系排行榜》,中国,,,,
222,5,,拼多多员工匿名发言被开除,中国,,,,
222,6,,浙赣粤运河计划,中国,浙江 江西 广东,,,
222,7,,河工大学生被要求自费核酸检测,中国,天津,,,
223,1,,阿德尔森金沙赌场的致富经,美国 中国,澳门,,,
223,2,,督工剧场：护眼仪,,,,,广告
223,3,,五洋债券案开启中国集体诉讼先例,中国,,,,
224,1,,全棉时代广告引发批评,中国,,,,
224,2,,谈职业杀手,,,,,邓肯
225,1,,成都理工大学设置行星科学本科班,中国,四川,,,
225,2,,中国石油测井技术有突破,中国,,,,
225,3,,人脸识别技术分析个人政治倾向,美国,,,,
225,4,,四川乡镇行政区划改革进展,中国,四川,,,
225,5,,曹德旺宣布投产国内光伏产业,中国,,,,
225,6,,华曦医学检测公司核酸检测造假,中国,河北 山东,,,
226,1,,抗癌药中标价格暴跌的后续分析,中国,,,,
226,2,,蛋白质折叠计算方式竞赛,美国,,,,
226,3,,拜登向团队提出的5个问题,美国,,,,
226,4,,美英航空工业进展,美国 英国,,,,
226,5,,家庭教育法草案提请审议,中国,,,,
226,6,,深圳“房住不炒”征文大赛,中国,广东,,,
227,1,,台湾人均GDP逼近3万美元,中国,台湾,,,
227,2,,伊朗自称拥有弹道导弹反舰技术,伊朗,,,,
227,3,,郑爽代孕弃养事件,中国,,,,
227,4,,墨茶因病致贫死亡事件,中国,,,,
228,1,,罗斯柴尔德家族神话解析,,,,,
228,2,,苏州及南方供暖问题,中国,江苏,,,
228,3,,北京上海防疫流调报告的进步,中国,北京 上海,,,
229,1,,比尔盖茨成美国最大农业地主,美国,,,,
229,2,,美国散户逼空机构事件,美国,,,,
229,3,,中国养猫行为调查报告,中国,,,,
229,4,,沈阳的形式主义厕所,中国,辽宁,,,
229,5,,李明博朴槿惠李在镕入狱,韩国,,,,
229,6,,嘉陵江金属铊污染问题,中国,陕西 甘肃,,,
229,7,,吉利低轨卫星项目正式启动,中国,,,,
229,8,,马斯克一箭143星,美国,,,,
229,9,,杭州宠物鼻纹身份证,中国,浙江,,,
229,10,,新疆边防军犬远程指挥系统,中国,新疆,,,
229,11,,首发账号更换为马督工,,,,,幕后
230,1,,饶毅举报裴钢、李红良、耿美玉事件,中国,,,,
230,2,,台湾经济增长率超过大陆,中国,台湾,,,
230,3,,浙江多地大旱,中国,浙江,,,
230,4,,南京长江大桥对航道影响,中国,江苏,,,
230,5,,末日钟在零点前100秒,,,,,
231,1,,深圳房地产协会征文活动,中国,广东,,,
231,2,,深圳楼盘现状,中国,广东,,,
231,3,,分析缅甸政变,缅甸,,,,
232,1,,黄河古贤工程与壶口瀑布,中国,陕西 山西,,,
232,2,,督工剧场：拼多多,,,,,广告
232,3,,缅甸政变后续,缅甸,,,,
232,4,,留守儿童临时监护人制度,中国,,,,
232,5,,北京现负资产房产,中国,北京,,,
232,6,,36氪深度报道：千亿芯片大骗局,,,,,扩展阅读
232,7,,帮助流浪聋哑人找到故乡,,,,,扩展阅读
233,1,,中国人吃肉对世界的影响,中国,,,,
233,2,,虞仁荣韦尔股份发展史,中国,浙江,,,
233,3,,小额贷款利率相关法律修订,中国,,,,
233,4,,黑岛新财经节目【避雷针】,,,,,
233,5,,233猫扑表情包,,,,,
234,1,,俄罗斯反对派和执政集团矛盾,俄罗斯,,,,
234,2,,以色列最新人工角膜技术,以色列,,,,
234,3,,古巴政府宣布重大经济改革,古巴,,,,
234,4,,徐州连云港通高铁,中国,江苏,,,
234,5,,煤电装机容量占比首次低于50%,中国,,,,
234,6,,2020年新生儿数量断崖下降,中国,,,,
234,1,,B站up主lex与动画《无职》事件,中国,,,,
234,2,,人人字幕组运营人员被处理,中国,,,,
234,3,,马金瑜“家暴”事件,中国,青海,,,
234,4,,北方冬季取暖问题,中国,,,,
234,5,,中美阿三国探测器进入火星轨道,中国 美国 阿联酋,,,,
235,1,,马督工对媒体行业经济规则的梦想,,,,,
236,1,,《你好，李焕英》影评和社会化抚养,中国,,,电影,社会化抚养
236,2,,泰国去年生育率降至历史最低,泰国,,,,
236,3,,境内股票市场新增投资者超1800万,中国,,,,
236,4,,阿姆斯特丹成为欧洲最大股票交易中心,荷兰,,,,
236,5,,神仙湾边防连建成人工光源蔬菜工场,中国,新疆,,,
237,1,,《唐人街探案3》影评,,,,电影,
237,2,,日本黑帮与女性贫困问题,日本,,,,
237,3,,“结构性暴力”问题,,,,,
238,1,,美属波多黎各犯罪率激增,美国,,,,
238,2,,国产三代核电华龙一号投入商运,中国,,,,
238,3,,督工就转载广告道歉表态,,,,,
239,1,,财经副主编感叹“三十年启蒙失败”,中国,,,,
239,2,,韩国“偷文化”问题,韩国 中国,,,,
239,3,,中国易地扶贫搬迁成果,中国,,,,
239,4,,中医问题与六味地黄丸说明书变化,中国,,,,
239,5,,比尔盖茨人造肉问题表态,美国,,,,
239,6,,湖北潜江盐穴储气电站开工,中国,湖北,,,
239,7,,土库曼斯坦总统任命儿子担任副首脑,土库曼斯坦,,,,
240,1,,墨西哥人均GDP超1万美元无存在感,墨西哥,,,,
240,2,,中俄联合登月前景与火箭技术问题,中国 俄罗斯,,,,
241,1,,抗癌药进入医保问题,中国,,,,
241,2,,中国对进口辣椒的强烈需求,中国 印度,,,,
241,3,,日本226兵变85周年,日本,,,,
242,1,,天津教师歧视言论事件,中国,天津,,,
242,2,,货拉拉女孩跳车事件,中国,湖南,,,
242,3,,独居女子被困卫生间30小时,中国,北京,,,
242,4,,大起大落的比特币与茅台,中国 美国,,,,
242,5,,迷彩网掩盖矿山地质恢复现状,中国,甘肃,,,
242,6,,卡塔尔世界杯6500名劳工死亡,卡塔尔,,,,
242,7,,匿名信诈骗成功5家上市高管打款,中国,,,,
243,1,,深圳中学招名校博士当老师,中国,广东,,,
243,2,,也门胡塞武装对抗沙特七年,也门 沙特,,,,
243,3,,西南5年“弃水”电量400亿,中国,,,,
243,4,,尼日利亚恐怖组织大规模绑架学生,尼日利亚,,,,
243,5,,缅甸泰国局势紧张,缅甸 泰国,,,,
243,6,,去年一季度死亡率同比下降,中国,,,,
243,7,,武汉弘芯全体解散,中国,湖北,,,
243,8,,争议演讲回顾,,,,,
243,9,,睡前消息视频全部转入督工账号下,,,,,幕后
244,1,,茅台总工程师候选工程院院士,中国,贵州,,,
244,2,,蚂蚁金服上市问题后续,中国,,,,
244,3,,缅甸局势不断恶化,缅甸,,,,
244,4,,印度围剿毛主义反对武装,印度,,,,
244,5,,李永新北大校友捐赠10亿,中国,,,,
244,6,,韩国首尔人口跌破一千万,韩国,,,,
244,7,,新加坡退休年龄明年提高到63岁,新加坡,,,,
244,8,,督工重申自己80岁退休愿景,,,,,
245,1,,张小斐解散后援会,中国,,,,
245,2,,哈弗越野车统治俄罗斯军事单位,中国 俄罗斯,,,,
245,3,,台湾政大校史,中国,台湾,,,
246,1,,有争议的人大政协提案,中国,,,,
246,2,,清华毕业生定与向选调生制度,中国,,,,
246,3,,王延轶学术问题,中国,湖北,,,
247,1,,高能宇宙物理学最新进展,,,,,高流
247,2,,斯里兰卡民族历史与水利工程,斯里兰卡,,,,高流
248,1,,女权话题占用“平泉”地名,中国,河北,,,
248,2,,中韩网络上的文化争议,中国 韩国,,,,
249,1,,电影与历史：你好，李焕英,中国,,,电影,
249,2,,印度首富遭遇汽车炸弹威胁,印度,,,,
249,3,,马斯克赤道航天发射场,美国 印度尼西亚,,,,
249,4,,重提香港房价问题,中国,香港,,,
249,5,,深圳房屋搭售规避房价控制,中国,广东,,,
250,1,,河南20岁智障女孩嫁人事件,中国,河南,,,
250,2,,延迟退休话题,中国,,,,
250,3,,乌克兰阻止中国继续控制马达西奇,中国 乌克兰,,,,
250,4,,常州确定举报家庭暴力为见义勇为,中国,江苏,,,
250,5,,长江内河最大集装箱船汉海5号首航,中国,,,,
250,6,,美建议国家联合规定最低税率,美国,,,,
250,7,,观视频片头片尾变化|观传媒上线,,,,,幕后
251,1,,黄河黑山峡水利枢纽项目进程,中国,宁夏 甘肃,,,
251,2,,敦煌林场后续,中国,甘肃,,,
251,3,,无锡江阴事实孤儿的“梦想小屋”,中国,江苏,,,
251,4,,云南艾滋病亲友性伴侣告知义务,中国,云南,,,
251,5,,河砂行业黑社会,中国,广东,,,
251,6,,河南智力残疾姑娘结婚后续,中国,河南,,,
251,7,,台海之声开通,中国,台湾,,,
252,1,,美军撤出阿富汗的计划有所拖延,美国 阿富汗,,,,
252,2,,督工剧场：拼多多,,,,,广告
252,3,,电子烟拟参照卷烟监管,中国,,,,
252,4,,东阿阿胶2020年业绩转亏为盈,中国,山东,,,
252,5,,2060年中国将淘汰煤电,中国,,,,
253,1,,用历史视角看苏伊士运河事故,埃及 法国 中国,台湾,,,
253,2,,督工剧场：战舰世界&碧蓝航线,,,,,广告
253,3,,中美卫星太空爆炸事件,中国 美国,,,,
253,4,,“80后白发乡镇干部”后续,中国,云南,,,
253,5,,工作室老文章推荐,,,,,
253,6,,乡党委书记给你解释，如何把80后熬成60后,,,,,扩展阅读
253,7,,30岁公务员聊东北官场风情,,,,,扩展阅读
254,1,,海地——失败国家,海地,,,,
254,2,,督工剧场：鲁大师智能电动车,,,,,广告
254,3,,肯尼亚将关闭40万人的两个难民营,肯尼亚,,,,
254,4,,地中海货运向中国订购大量巨型货轮,中国,,,,
254,5,,台北圆山大饭店开放东密道,中国,台湾,,,
254,6,,4K画质上线,,,,,幕后
255,1,,复旦历史教授冯玮日本战国史翻车,中国,,,,
255,2,,国内耽改剧与同性恋现状,中国,,,,
255,3,,B站港股二次上市,中国,,,,
256,1,,印度湿婆军威胁印度首富,印度,,,,黑岛
256,2,,动物鲎保护政策打击中国生物制药业,中国,,,,JOE
257,1,,台湾铁路事故,中国,台湾,,,
257,2,,印度照常举行大壶节,印度,,,,
257,3,,山西师范大学迁建太原,中国,山西,,,
257,4,,莫桑比克恐怖袭击加剧,莫桑比克,,,,
257,5,,中美交换火星探测器轨道数据,中国 美国,,,,
257,6,,片尾新增编辑周鑫钰,,,,,幕后
257,7,,莫迪洗浴片段,,,,,彩蛋
257,8,,没什么能防住恐怖主义，除了进攻,,,,,扩展阅读
258,1,,河北菜农低价抛售,中国,河北,,,
258,2,,住建部制订县城建设规范,中国,,,,
258,3,,“开胸验肺”事件相关郑州官员落马,中国,河南,,,
258,4,,沪宁城际铁路因电路大面积晚点,中国,上海,,,
258,5,,杭州机场空域被无人机入侵,中国,浙江,,,
258,6,,回复“关注新闻无用论”,,,,,
259,1,,椰树集团广告争论,中国,海南,,,
259,2,,大学学费上调,中国,,,,
259,3,,四川金山寺僧人禁止外香带入,中国,四川,,,
259,4,,河南永城农村厕所成摆设,中国,河南,,,
259,5,,印度疫情反弹,印度,,,,
259,6,,印度毛派武装“反围剿”,印度,,,,
259,7,,埃塞埃及苏丹复兴大坝谈判无果,埃塞俄比亚 苏丹,,,,
259,8,,尼日利亚抗议局势升级,尼日利亚,,,,
259,9,,欧美同意制定最低企业税,美国,,,,
259,10,,先进制造业名单公布北方落后,中国,,,,
259,11,,中央不再补贴光伏电和风电,中国,,,,
259,12,,新论文精神压力会导致脱发,中国 美国,,,,
260,1,,黑龙江五常市盗挖黑土案件,中国,黑龙江,,,
260,2,,英国拒绝归还希腊文物,英国 希腊,,,,
260,3,,解释网络民意测评及推荐最高法文章,中国,,,,
261,1,,湖北襄阳凤凰咀5200年遗址,中国,湖北,,,
261,2,,东北黑土地保护——免耕法,中国,吉林,,,
261,3,,北京市委书记：要发展城郊铁路,中国,北京,,,
261,4,,俄罗斯自行车工厂停工,俄罗斯,,,,
261,5,,美国两个卫星上周险些碰撞,美国,,,,
261,6,,十九家药企销售费用比例过高被处罚,中国,,,,
261,7,,督工播音花絮,,,,,花絮
262,1,,阿里被罚182亿元与中国通信行业发展史,中国,,,,
263,1,,知网发展史与收费问题,中国,,,,
263,2,,“开胸验肺”事件后续,中国,,,,
263,3,,湖南邵阳某中学小卖部拍出320万,中国,湖南,,,
263,4,,乌克兰总统建议土耳其收购马达西奇,乌克兰,,,,
263,5,,俄罗斯航母维修进展,俄罗斯,,,,
263,6,,美国计划911全部撤军阿富汗,美国,,,,
263,7,,美军配备19世纪天文领航手册,美国,,,,
264,1,,义乌公安局向全国同行发信求饶,中国,浙江,,,
264,2,,防范化解地方政府隐性债务风险,中国,,,,
264,3,,埃及连续火车事故,埃及,,,,
264,4,,印度疫情加重,印度,,,,
264,5,,西班牙警方发现3D打印手枪,西班牙,,,,
264,6,,希腊与以色列签署军事合作协议,希腊 以色列,,,,
264,7,,西安一小学让学生背诵《弟子规》,中国,陕西,,,
264,8,,美国放飞火星直升机,美国,,,,
265,1,,济南市宣布炼油厂不再搬迁,中国,山东,,,
265,2,,山东滩区居民全部迁出,中国,山东,,,
265,3,,茅台总工王莉落选工程院院士名单,中国,贵州,,,
265,4,,苹果代工厂广达遭黑客入侵,中国,台湾,,,
265,5,,荷兰大型物流公司遭黑客攻击,荷兰,,,,
265,6,,赵丽颖冯绍峰离婚,中国,,,,
266,1,,进口西洋参问题,中国 美国,,,,
266,2,,欧盟体制介绍,土耳其,,,,
266,3,,讣告：沉痛悼念睡前消息永远的主播蛋卷同志！,,,,,蛋卷
267,1,,解析央行人口报告,中国,,,,
267,2,,督工剧场：拼多多,,,,,广告
268,1,,继续解析央行人口报告,中国,,,,
268,2,,深圳小学生入学数连续两年下降,中国,广东,,,
268,3,,调整部分钢铁产品关税,中国,,,,
268,4,,打击拐卖人口“买方市场”,中国,,,,
268,5,,中国空间站核心舱发射成功,中国,,,,
269,1,,欧洲超级联赛成立两日即宣告失败,,,,,
269,2,,新动物防疫法正式实施及争议,中国,,,,
269,3,,人民日报评论文理科争议,中国,,,,
270,1,,疫情对印度外汇平衡的冲击,印度,,,,黑岛
270,2,,中国假发产业的兴衰,中国,河南,,,黑岛
271,1,,《悬崖之上》影评,中国,,,电影,
271,2,,评价长安网嘲讽印度微博,中国 印度,,,,
271,3,,片尾蛋卷名字加框,,,,,幕后 蛋卷
272,1,,郑爽1.6亿片酬事件,中国,,,,
272,2,,法国总统马克龙改革国家行政学院,法国,,,,
273,1,,浙江工业“亩产绩效”政策分析,中国,浙江 江苏,,,
273,2,,珍珠奶茶背后的工农产业链,美国 中国 泰国,台湾,,,
273,3,,湖南女子五次离婚诉讼及犯罪手环,中国,湖南,,,
273,4,,成都49中学生坠楼事件及未成年手环,中国,四川,,,
273,5,,日本保险公司推出“霸凌保险”业务,日本,,,,
273,6,,中小学生手机依赖问题,中国,,,,
273,7,,美国燃油管道公司遭网络勒索停运,美国,,,,
273,8,,美军阿富汗撤军问题,中国 美国 阿富汗,,,,
273,9,,SpaceX实现火箭十发十回收,美国,,,,
273,10,,张艺谋人民日报专访,中国,,,,
274,1,,印度疫苗生产困境,印度,,,,
274,2,,督工剧场：拼多多,,,,,广告
274,3,,国民党主席竞选需交千万保证金,中国,台湾,,,
274,4,,豫鲁签订黄河流域省际生态补偿协议,中国,河南 山东,,,
274,5,,美军破坏阿富汗遗留装备防止被缴获,美国 阿富汗,,,,
274,6,,河南洛阳银行篡改贷款协议,中国,河南,,,
274,7,,深圳禁止代理销售“小产权房”,中国,广东,,,
274,8,,上海证券纠纷案中的集体诉讼制度,中国,上海,,,
275,1,,七普公布督公再谈人口政策,中国,,,人口政策,
275,2,,成都49中舆情分析,中国,四川,成都,社会新闻,
275,3,,中国火星探测器成功登陆,中国,,,,
276,1,,分析衰落的小县,中国,,,行政规划,
276,2,,介绍上海商业补充保险产品沪惠保,中国,上海,上海,医疗保险,
277,1,,新电影《柳青》影评及背景介绍,中国,,,电影,
278,1,,美国东部输油管道被黑客入侵,美国,,,,
278,2,,央行探讨人民币汇率完全市场化,中国,,,,黑岛
278,3,,贵州凯里民政局就520不办离婚道歉,中国,贵州 湖南,,,
278,4,,分析袁隆平逝世假新闻事件,中国,,,,
279,1,,分析导盲犬在中国的适应性,中国,,,,高流
279,2,,珠海有轨电车运营失败,中国,广东,,,高流
280,1,,全国高铁建设进程放缓,中国,陕西 贵州,,,
280,2,,香港电子烟泛滥,中国,香港,,,邓肯
280,3,,深圳查处房地产水果图案挂牌价,中国,广东,,,
280,4,,深证上调学历型户籍迁入标准至本科,中国,广东,,,
280,5,,原海南省委常委名下深圳房产被拍卖,中国,广东 海南,,,
280,6,,河北献县5名小学生溺亡,中国,河北,,,
280,7,,儿童福利机构转型为未成年救助机构,中国,,,,
280,8,,甘肃景泰马拉松比赛事故,中国,甘肃,,,
281,1,,引江济淮工程,中国,安徽 河南,,,
281,2,,分析淮安市历史问题,中国,江苏,,,
282,1,,中央批准合法三孩生育,中国,,,,
282,2,,督工剧场：望舒心护颈仪,,,,,广告
282,3,,深圳取消不定时工作制假日付三倍工资,中国,广东,,,
283,1,,美韩联合声明谈及台湾,韩国 中国 美国,,,,高流
283,2,,中国进口非洲坦桑尼亚大豆,中国 坦桑尼亚,,,,高流
284,1,,虹桥枢纽被确定为长三角商务核心,中国,上海,,,
284,2,,G7集团达成跨国企业最低税率协议,美国,,,,
284,3,,合肥买房摇号名单不限制年龄,中国,安徽,,,
284,4,,吉林敦化700米抽水蓄能电站建成,中国,吉林,,,
284,5,,贵州毕节“草包书记”事件后续追责,中国,贵州,,,
284,6,,安徽增加县乡及人大代表名额,中国,安徽,,,
284,7,,阿富汗各国撤军现状,阿富汗,,,,
284,8,,成都爱狗人士非法拘禁案判决,中国,四川,,,
285,1,,分析衡水中学张锡峰演讲,中国,,,,
285,2,,恒大地产打折卖房,中国,广东,,,黑岛
286,1,,广东省缺电和南方电网问题,中国,广东,,,
286,2,,阿根廷禁止出口牛肉30天,阿根廷 中国,,,,
286,3,277-1,再次推荐电影柳青,中国,,,电影,
287,1,,土木工程专业前景,中国,,,,
287,2,,督工剧场：电动牙刷,,,,,广告
287,3,,浙江建设共同富裕示范区,中国,浙江,,,
288,1,,年轻的中国非物质文化遗产,中国,,,,
288,2,,印度假酒问题,印度,,,,
288,3,,督工剧场：拼多多,,,,,广告
288,4,,爆贾振华连花清瘟利益关系,中国,台湾,,,
288,5,,土木工程专业问题后续,中国,,,,
288,6,,瑞士全民投票,瑞士,,,,
288,7,,汽车产量因芯片销量下降,中国,,,,
288,8,,美国海军的发展,美国,,,,
288,9,,高铁的春天,,,,,扩展阅读
288,10,,沙县小吃是个90后但值得21世纪学习,,,,,扩展阅读
288,11,,假酒毒死几百人印度又在摸着中国过河,,,,,扩展阅读
289,1,,长沙律师阴阳合同问题,中国,湖南,,,
289,2,,伊朗军队现状,伊朗,,,,
289,3,,海南统一要求小学生会游泳,中国,海南,,,
289,4,,沈阳出现斑海豹,中国,辽宁,,,
290,1,,中美火星登陆计划介绍,中国 美国,,,,
290,2,,我国育成抗赤霉病高产小麦新品种,中国,,,,
291,1,,河南高考人数全国最多,中国,河南,,,
291,2,,以色列新总理贝内特就任,以色列,,,,
291,3,,希腊入室抢劫杀人案反转,希腊,,,,
291,4,,首约汽车回应女乘客跳车事件,中国,浙江,,,
291,5,,我国重载铁路使用移动闭塞系统,中国,,,,
291,6,,参宿四亮度变化原因,法国,,,,
291,7,,白鹤滩百万千瓦水轮机启动,中国,云南 四川,,,
291,8,,厄瓜多尔天文爱好者制作天宫模型,厄瓜多尔 中国,,,,
292,1,,中美都公开拨款研究不明飞行物,中国 美国,,,,
292,2,,国家打击轻循环油等走私行为,中国,,,,
292,3,,荐书《登月第一人》,,,,,荐书
292,4,,青岛三文鱼养殖场首次收获,中国,山东,,,
292,5,,贵阳乌江构皮滩大坝,中国,贵州,,,
293,1,,转筒帆——上海船舶研究设计院,中国,,,,
294,1,,复旦匈牙利分校引发抗议,中国 匈牙利,,,,
294,2,,恒大还债自夸财务实力,中国,广东,,,
294,3,,各地政府给打疫苗发奖,中国,,,,
294,4,,海运公司宣布进入中欧班列业务,中国,,,,
294,5,,北京轨道交通平谷线河北段开工,中国,北京 河北,,,
294,6,,杭海杭绍城际铁路通车,中国,浙江,,,
294,7,,政府给高龄老人配发智能手表,中国,,,,
294,8,,督工两周年目标展望,,,,,幕后
295,1,,建党百年特别节目：100年来“工”与“人”,中国,,,,
296,1,,多地政府推行暑托班服务,中国,,,,
296,2,,印度陆军进行合成化改革,印度,,,,
296,3,,《阿凡提的故事》导演曲建方去世,中国,,,,
297,1,,社交平台热议“二本生出路”,中国,,,,
297,2,,浙江教育厅回复“父母持证上岗”问题,中国,浙江,,,
297,3,,外来药物改变人体基因,,,,,
297,4,,世卫组织认证中国成功消除疟疾,中国,,,,
297,5,,埃塞俄比亚内战近况,埃塞俄比亚,,,,
297,6,,埃及要求安理会讨论复兴大坝问题,埃及 埃塞俄比亚,,,,
297,7,,阿富汗撤军近况,阿富汗 美国 德国 土耳其,,,,
297,8,,匈牙利部长在参考消息发文,匈牙利 中国,,,,
297,9,,巴西铁矿公司接收中国组装货船,巴西 中国,,,,
297,10,,奥委会禁止俄运动员穿熊形象泳衣,俄罗斯,,,,
298,1,,中国革命历史人物漫谈,中国,,,,
298,2,,编辑部现实经济压力,,,,,幕后
299,1,,中国标准地铁列车下线,中国,,,,
299,2,,分析中国大陆地铁盈利模式,中国,,,,
299,3,,重庆强迫幼童卖花事件,中国,重庆,,,
299,4,,山西湖南儿童溺水事故,中国,山西 湖南,,,
299,5,,多地中学宣传学生雷雨天收国旗,中国,,,,
300,1,,华西村特辑,中国,江苏,,,
301,1,,解释瑞士的全民公投案例,瑞士,,,,
301,2,,陕西地电并入国家电网,中国,陕西,,,
301,3,,浙江用电负荷突破1亿千瓦,中国,浙江,,,
301,4,,河南禁止发电用煤外销,中国,河南,,,
301,5,,发改委文件禁止再建500米以上建筑,中国,,,,
301,6,,我国青少年儿童超重肥胖率近20%,中国,,,,
301,7,,中科院引雷实验的历史和传播学解释,中国,,,,
301,8,,世界最大海上风电换流站在江苏南通装船,中国,江苏,,,
302,1,,中国土豆技术突破,中国,,,,
302,2,,督工剧场：漱口水,,,,,广告
302,3,,苏宁接受国资救助,中国,江苏,,,
302,4,,内蒙古女市长护肤品15万一针,中国,内蒙古,,,
303,1,,教育部考虑禁止校内小卖部,中国,,,,
303,2,,台湾省首富换人,中国,台湾,,,
303,3,,奥运会禁止黑人运动员特制泳帽,,,,,
304,1,,重读《共产党宣言》,,,,,
304,2,,静静新立绘上线,,,,,彩蛋
305,1,,韩国房产税效果分析,韩国,,,,
305,2,,督工剧场：拼多多,,,,,广告
305,3,,韩国出土15世纪金属活字,韩国,,,,
305,4,,灾情期间郑州天价酒店事件,中国,河南,,,
305,5,,中央政府调整农村厕所改造政策,中国,,,,
306,1,,河南香烟厂三成新聘操作工是硕士,中国,河南,,,
306,2,,苏州司机撞开违停堵路宝马判刑,中国,江苏,,,
306,3,,气候中心：河南暴雨发生在全球变暖背景下,中国,河南,,,
306,4,,加强地方人大对政府债务的审查监督,中国,,,,
306,5,,四分之一中国未成年人佩戴智能手表,中国,,,,
306,6,,大公国际违规被罚款及责令改正,中国,,,,
306,7,,警惕“伪装爱国者”和“忽然爱国者”,中国,香港,,,
307,1,,淮河水利和洪泽湖的矛盾,中国,江苏,,,
307,2,,代理律师强占鲁南制药股权,中国,山东,,,
307,3,,2021中国科协发布年度重大问题,中国,,,,
307,4,,标普下调恒大公司评级同时恒大取消股份分红,中国,广东,,,
307,5,,中美贸易上半年同比增长34.6%其中农产品增长120%,中国 美国,,,,
307,6,,中国超德国成为全球机械出口冠军,中国 德国,,,,
308,1,,教育部禁止校外学科类培训,中国,,,,
308,2,,青藏铁路高原段率先电气化,中国,青海 西藏,,,
309,1,,日本改革传统文化，保留传真机，废除印章,日本,,,,
309,2,,上期铁路话题纠错：液氮散热应为液氨,,,,,纠错
309,3,,日本长寿老人的肠道菌群与长寿的关联研究,日本,,,,
309,4,,督工剧场：益生菌,,,,,广告
309,5,,河南水灾死亡率的城乡差异,中国,河南,,,
309,6,,广东工程安全事故频发,中国,广东,,,
309,7,,扬州政府奖励征集涉疫人员线索,中国,江苏,,,
309,8,,7所高校毕业生进京落户不占用指标,中国,北京,,,
309,9,,中国首个个人破产案例,中国,广东,,,
310,1,,中国公交爱好者利用跨城公交长途旅行,中国,,,,
310,2,,俄罗斯军事改革重建师级部队,俄罗斯,,,,
311,1,,日本借奥运会推广氢燃料电池技术,日本,,,,
311,2,,恒大欠款被起诉 285 294,中国,广东,,恒大集团,
311,3,309-8,七所高校毕业生在京落户单列指标,中国,北京,,,
311,4,,半月谈 中西部高中经费困难 156,中国,,,,
311,5,,连花清癌抗新冠论文引争议 288,中国,河北,,,
312,1,,信威集团破产董事长王靖失踪,中国,北京,北京,,
312,2,,14岁奥运冠军全红婵问题,中国,广东,,奥运会,
312,3,307-4,沈阳市属国资企业增持盛京银行股份,中国,辽宁,,,
313,1,,日本科学家制造人工小鼠卵泡,日本,,,,
313,2,,小米创始人雷军演讲推出新型机器狗,,,,,广告
313,3,,全国法拍房拍卖热度上升,中国,,,,
313,4,308-1,校外培训机构裁员破产,中国,,,,
313,5,,基层推行”无纸化办公”反更浪费纸张,中国,,,,
313,6,,印度进口辣椒交易平台暨中国西部辣椒分拨中心启用 241,印度 中国,,,,
313,7,,王毅强调在南海问题上应做到“四个尊重”,中国 美国,,,,
314,1,,经济参考报定义网络游戏为“精神鸦片”,中国,,,,
315,1,,税务总局长宣布降名义税率，提高实际征收率,中国,,,,
315,2,,督工剧场：拼多多,,,,,广告
315,3,,第一财经以第七次人口普查普追踪人口迁徙,中国,,,,
315,4,,福建平潭岛上综合试验区台胞社区,中国,台湾 福建,,,
315,5,,长沙污水集中收集率达100.92%,中国,湖南 贵州 云南,,,
315,6,,山东现金奖励新冠疫苗接种违规组织受查处 294,中国,山东,,,
315,7,,江西新余“水花行动”：学生防溺水的地方样本 289,中国,江西,,,
315,8,,叙利亚难民儿童“帐篷奥运会”,叙利亚,,,,
315,9,,国际空间站举办首届“太空奥运会”,,,,,
316,1,,衡中校长儿子被剥夺西藏高考资格 79 80 285,中国,河北 西藏,,,
316,2,13-3,韩国国情院与日本右翼合作,韩国 日本,,,,
316,3,,全国社保基金去年投资收益额创新高,中国,,,,
316,4,,中国华融预计去年净亏1029亿,中国,,,,
316,5,312-3,恒大被迫出售盛京银行1.9%股权,中国,广东 辽宁,,金融风险 恒大集团,
316,6,,人民银行、银保监会约谈恒大集团,中国,广东,,金融风险 恒大集团,
317,1,,中国提高部分钢铁出口关税,中国,,,,
317,2,,俄罗斯伊尔飞机设计师去世,俄罗斯,,,,
317,3,,香港博士虐待入侵蜗牛被拘捕问题,中国,香港,香港,,
317,4,,中国修改兵役法突出志愿兵役的主体地位,中国,,,,
317,5,,台积电超腾讯阿里成亚洲市值最高企业,中国,台湾,,,
317,6,,科技部征集颠覆性科研方向报告,中国,,,科研政策,
318,1,,分析三明市医改经验,中国,福建,三明,医疗改革,
318,2,,洪泽湖水利话题,中国,江苏,,水利工程,
318,3,,教育部禁止大学异地办学,中国,,,教育政策 高等教育,
319,1,,中央财经会议引发“均贫富”讨论,中国,,,经济政策 贫富差距,
319,2,,韩国人口下降引发的经济和军事问题,韩国,,,外国观察,
320,1,,布兰妮监护案引发精神病判定和监护争议,美国,,,,社会化抚养
320,2,,荐书《精神病院里的正常人》,,,,荐书,
320,3,,督工面对面采访00后观众,,,,人物访谈,
320,4,,生物医疗相关科研成果集合,,,,科学研究 生物学 医学,
321,1,,美国媒体炒作中国核发射井建设,美国 中国,甘肃,玉门,军事武装,
322,1,,评价日本风情街产生的社会争论,日本 中国,辽宁,大连,社会新闻,
322,2,,荐书《小岛经济学》,,,,荐书,
322,3,,全球正式终结含铅汽油使用,阿尔及利亚,,,环境保护,
322,4,,朝鲜向联合国提交发展状况报告,朝鲜,,,外国观察,
322,5,,兆易创新董事长带头减持股票,中国,北京,北京,民营企业 半导体,
323,1,,分析《原神》的成功背景和问题,中国,上海,上海,民营企业 游戏,
323,2,,商汤科技赴港上市,中国,香港,香港,民营企业 人工智能,
323,3,246-1,温州法院试点醉驾案智能化审判,中国,浙江,温州,政府机构 地方法院 法律变革,
323,4,,广东市场监管局对深圳交通局交警局发起反垄断调查,中国,广东,深圳,政府机构 反垄断,
324,1,311-1,解释西安交大储氢材料技术,中国,,,科学研究 材料学 大学,
324,2,320-1,布兰妮吸毒问题,美国,,,,社会化抚养 回应评论
324,3,322-1,天安门灯笼设计者疑问,中国 日本,,,近现代史,回应评论
324,4,322-1,回应观众不接受建日本风情街,中国 日本,辽宁,大连,,人民代表会议 回应评论
324,5,275-2,回应观众要求回复成都49中事件,中国,四川,成都,社会新闻,回应评论
324,6,,几内亚政变影响全球铝矿市场,几内亚,,,国际贸易,
324,7,,黑龙江安徽两地打工农民卡车事故,中国,黑龙江 安徽,七台河 安庆,交通事故,集中居住
324,8,,国务院印发《横琴粤澳深度合作区建设总体方案》,中国,广东 澳门,珠海 澳门,中央文件,
